LEAD_ID,VEHICULE_ID,FI_TYPE
8734448756055,34504039948,LOA
8653058133152,60933393618,LOA
4184211675266,11925153110,Crédit
9279615439149,38884361013,Crédit
4069849609139,71707587174,Crédit
1364066632733,99307719552,LOA
7277434758208,83010694073,LOA
7861872005887,86585394066,Crédit
5010528081151,36583620208,Crédit
1877324976709,92310908659,Crédit
9430326733787,27692014731,LOA
2422281372821,42037864382,Crédit
3409594638221,15417517257,Crédit
3279831197854,56061896639,Crédit
4869777740666,70642474072,Crédit
8261194306292,83040204781,LOA
5890925800537,10025152582,LOA
4477761357956,28857118212,LOA
8268569564929,88668641145,Crédit
9284701351487,30170104447,Crédit
2911474613455,30796518770,LOA
5764439561691,89209643289,Crédit
1753318953682,93153811738,Crédit
9495194197274,12901417631,Crédit
3134028369883,62386417525,Crédit
2882366701275,57689376267,Crédit
2300540472783,15203231676,LOA
3386007381920,86270007773,Crédit
6701204681842,17813082817,LOA
4563091023594,54738672439,Crédit
1338827354000,74317395204,Crédit
3755155384701,28073817862,LOA
2281472698063,96146807182,Crédit
2642727065808,11354083175,Crédit
2882093573494,64232502239,Crédit
4150626424734,20405866640,Crédit
4004957075850,48087440556,LOA
4785353092092,94486924085,LOA
3460374181172,32937475920,Crédit
6062761297567,39730430996,Crédit
4302594946148,18433622403,Crédit
5947709744364,22176823129,LOA
5857870035474,65780009116,LOA
9279615439149,70671605628,LOA
9169370777703,75644500730,Crédit
9145919018469,32937475920,LOA
3898103396467,63465327207,LOA
6371695888018,69786553674,LOA
6564139902456,30057148155,LOA
7847902643783,17377779432,LOA
2984262737063,41189676594,LOA
7700548544642,30197741674,Crédit
4005698459949,20527130312,Crédit
7856119881850,83664016158,LOA
8041025318624,84100379098,Crédit
3333447978987,89561253840,Crédit
9917551981664,43995705710,Crédit
8594811204866,50390994932,Crédit
5625672192973,59962076592,LOA
8540244446799,69435732446,LOA
4751390253069,53295061967,LOA
7353146096684,52826832550,Crédit
2719563163439,57418325496,Crédit
3611987442888,11427191022,Crédit
5018365095313,75481323682,Crédit
7733267478688,89475783500,LOA
7136839049498,38362815027,LOA
1291530523611,10960709141,Crédit
4002221105599,25286793068,Crédit
2165520926965,32202955647,LOA
8794606586909,62947023012,Crédit
1610430146528,45762949156,LOA
1555097499999,48654593432,LOA
4952389907120,78066398877,LOA
8207832011367,90316558415,Crédit
1200572877666,57699398058,Crédit
7209101025383,12389889487,Crédit
8633912569976,32693566797,LOA
5437535615409,93783033212,Crédit
5512701772869,14316864727,Crédit
2587852922434,16248159142,LOA
7872408190276,50816182681,LOA
8211931471282,30495481194,Crédit
3645761585690,81601370354,LOA
4599603749281,64616635453,LOA
7793108050475,63311179116,Crédit
4920034188573,30215010404,LOA
3682624882530,50048001342,Crédit
7527762474348,51459529657,Crédit
9539210234961,18867093203,Crédit
8488900447620,31250398643,LOA
9092937816977,60751142990,LOA
3921439469539,79352876639,Crédit
6243214315380,97452513045,LOA
9312824565907,93133441646,LOA
4880717116933,18548763435,Crédit
3635338299330,52179403961,LOA
2720025070870,62011140818,Crédit
3956127010672,57530091941,Crédit
7902532134703,50013753921,Crédit
7780797010799,83673627743,Crédit
1964046221528,27549348682,LOA
6407376200552,99160290132,Crédit
8015209632438,51018451564,Crédit
3207788227710,61705750907,LOA
2162407242413,83513207047,LOA
5772335396392,87884582998,Crédit
1586321893565,31590201824,LOA
4503924850963,68009480896,Crédit
2118058391768,47849701102,Crédit
2617832791253,76288526932,Crédit
6530957895743,38270151812,Crédit
8211931471282,30053196624,LOA
6611773220383,65027107002,LOA
1526623692021,46813801477,LOA
5434639624387,16692447915,Crédit
4962680329601,23021740236,Crédit
4049343358151,52281944621,LOA
9178413820841,86107909857,Crédit
6889902758120,17397315351,Crédit
9934172530633,86832306063,Crédit
5437535615409,99401864797,Crédit
1338827354000,71522386944,Crédit
6758132447405,79372717243,Crédit
4478609617873,12810308980,Crédit
9650246541005,70585881618,LOA
4790232506112,42569966234,Crédit
8200201311105,43364637576,Crédit
9884924338741,69407186612,Crédit
9163799026226,56642262052,Crédit
8593231987335,79877780354,LOA
2513143589663,35253431138,Crédit
4293394407717,76414578428,LOA
9262920271605,49899932513,LOA
9604448826651,24252393008,LOA
5415719429314,51204789862,LOA
6872916296832,86421999980,LOA
4852099649906,32160960192,LOA
8484253930778,64752576825,LOA
5818459377794,96671596415,Crédit
6499488442500,34874515155,LOA
7734644527147,27020893780,LOA
4141964363891,42330514001,Crédit
7674070162621,22024950239,LOA
4698592861544,89873740724,LOA
5744741134665,94334529431,Crédit
6049305003109,46674183886,Crédit
6736559484917,46349058116,Crédit
6743833903709,41247104223,LOA
7408099279669,65506822172,Crédit
3818790700431,94238459590,LOA
9197529403296,15419855674,Crédit
9227544032129,31329137088,Crédit
3779323082891,82026760567,LOA
8538117556141,95346858666,Crédit
4521291869012,46872015035,LOA
2190170463249,16132543304,LOA
2958928545980,88624937418,Crédit
9299846479070,74964346083,LOA
3580558963068,56648351748,LOA
9190895306317,44125074163,Crédit
6274354455224,40160932845,Crédit
7320992383223,84210580871,LOA
2552879967417,95058252007,LOA
4390423780755,58654078535,Crédit
4518855373472,38884361013,Crédit
5394325107029,31023192917,LOA
2513143589663,37639310440,Crédit
3220340667886,45743924437,Crédit
4507021143176,86832306063,LOA
9243353768813,90193515317,LOA
6790924056246,20815957619,Crédit
5240018283974,69830762108,LOA
8874243695583,43613482605,Crédit
1047471228166,17490794640,LOA
2101246692697,14438119662,Crédit
5050527500241,76128405070,LOA
4362663151657,81211296882,LOA
4533525257218,90197135710,Crédit
9684730202415,15671182647,LOA
5228749933679,18625954268,LOA
1905518336751,97160456905,LOA
2975104974952,14248944815,LOA
1720965576745,92112195931,LOA
5317579849763,78189501126,LOA
9242899640241,55913172500,Crédit
7876143992674,73995652093,LOA
2360456514133,37499814971,LOA
2578661668298,24734622341,Crédit
9979312184704,62011140818,Crédit
8496455207406,97433317648,LOA
3831783430907,87974094444,LOA
6557880788942,82143792498,Crédit
4179067506137,87861014844,LOA
7382039021945,39166049887,Crédit
9720032253686,80401932907,Crédit
7980216401822,37812993608,Crédit
8447435179566,70396034613,Crédit
3788537082824,68969978568,Crédit
7268639445059,31768016954,Crédit
6168046974653,95672732600,LOA
8840355214074,30856312302,LOA
8801355796457,44628847989,Crédit
9137362352323,65484141691,Crédit
7156936982382,44564702721,LOA
5018405308302,31862705283,LOA
4920034188573,14229784874,Crédit
9887224387009,73773458225,Crédit
1770188515347,28617968684,Crédit
2234518644329,18807466542,LOA
5653016378006,92359600162,Crédit
5164669998150,45156772713,LOA
7776714569057,23008913279,LOA
3324135858089,89109216317,Crédit
8611771307042,66977391924,LOA
7427832960416,31473081565,LOA
2238214563360,38239873997,LOA
9787847639547,43424953558,Crédit
2930724762084,29449662365,Crédit
1684890005218,75869780161,Crédit
2523130168242,42311339924,Crédit
1426273461306,10907967496,LOA
2855764872992,15557993302,LOA
3464425791606,44411191331,LOA
3397432881038,56319811284,LOA
6204785865445,59769799581,Crédit
2525079928340,77580300857,LOA
9825637013552,21175151337,LOA
7981610417010,91447631736,Crédit
2440720959016,93015100970,LOA
5473003150005,72747283896,Crédit
7236160921327,64967646045,Crédit
5437374012130,49075292284,LOA
6584225522479,57662829364,LOA
3071524510125,97860949442,LOA
3253240679980,11358537615,LOA
5254199246062,79123841753,Crédit
2713910000269,64967063772,LOA
9421680110469,11754767319,LOA
2829733636137,77700584014,LOA
5247414860225,22843010224,LOA
3309901140888,64408077728,Crédit
4933024548021,96671596415,LOA
5458339158793,52001497934,LOA
9874053419030,26718239746,Crédit
7350581579179,47262120144,Crédit
3299574153526,74465726690,LOA
6581608434735,13825116264,Crédit
5415719429314,39534296599,LOA
1941307805748,94501322144,Crédit
4322100631065,88668641145,LOA
8309026550706,55723964895,LOA
5709108586974,69018191518,LOA
8377712492800,88624937418,LOA
6936121522158,44022852288,Crédit
3999336639563,33528632175,Crédit
2738367309134,60566793302,Crédit
4936616018636,60954280720,LOA
2281093590092,91661726899,Crédit
9322893395580,33087966185,Crédit
8790524484952,97211950845,LOA
2237749160135,62610406728,Crédit
2121469158159,15662225133,LOA
4912578249729,52356684971,Crédit
9631110708490,50456310908,Crédit
1634092365821,56573832138,LOA
9865310044519,35793030448,LOA
4427004776217,50025719828,LOA
6078217706647,70312114439,Crédit
3723193251561,83513207047,LOA
2402702910047,31329137088,LOA
7582289622147,23008913279,Crédit
5398287725089,58699006610,Crédit
7533764848499,18640128179,LOA
1617901021022,88895671398,LOA
5451899798920,77130593988,Crédit
8348137559891,69359760430,Crédit
6221117157700,62638428910,Crédit
5756500139368,55970729407,Crédit
3031840341111,42005450180,LOA
9420046112193,33855257359,Crédit
8221574752675,40440149880,Crédit
9495482544940,63148758864,LOA
8687297190876,31963530744,Crédit
5623904887575,11427191022,Crédit
6106289479023,66031916833,LOA
4268355841614,27034735096,Crédit
1978899672763,24368598373,LOA
3257964830210,30642071787,LOA
1574120415552,40073298942,Crédit
5713275400378,98019431587,LOA
2707029733958,29547953867,Crédit
9130146746543,85500870596,LOA
1267975849176,96703725630,Crédit
6791999050249,48425585257,LOA
2872750349068,52696103498,LOA
7830060574458,19549404668,Crédit
7354638865973,55477745466,Crédit
5208989776044,34105070967,Crédit
3123590966220,12919174837,Crédit
8026578139464,17652225838,Crédit
9094408998062,33531363691,Crédit
7809374043121,66847337920,LOA
8766093014303,53885719864,Crédit
4366273259518,60364358239,LOA
2494537656946,21946047508,Crédit
5254199246062,72241492631,Crédit
7959698080528,40447367513,Crédit
6645508887983,50048001342,LOA
3972955734270,62211126227,LOA
6208699362101,23843508330,LOA
6708310979037,32593494234,Crédit
6517098590980,67852273810,LOA
2121469158159,65722777779,Crédit
2666827021277,47396213321,Crédit
2461776321281,45156772713,LOA
8309299974530,82388181029,LOA
5615792641914,38710291669,Crédit
5352201710068,69018191518,Crédit
7268639445059,54613023990,Crédit
2794946095450,48847009820,Crédit
7816230136664,80194181092,LOA
4635840297674,65837472781,LOA
4085762478860,24435544005,LOA
6215759454531,38877575948,LOA
9114843518751,79687323806,Crédit
7292067248898,87225669760,LOA
2075822299518,32693566797,Crédit
3017317714412,56585155341,LOA
3779323082891,45762949156,LOA
6717475123176,69321899694,LOA
4305930811735,11265740498,Crédit
2363208862313,13845827878,Crédit
9610391063133,93284585414,LOA
8420818680050,47391728949,LOA
7280166122674,41570302577,Crédit
8479303933544,78112033216,LOA
8975240418645,48326981983,Crédit
7074904524324,84846761833,LOA
5805425777989,53813438424,LOA
9275630277224,25624071935,Crédit
1546242990815,94302582196,Crédit
6372786361653,53997589174,LOA
1989168967038,77683116144,Crédit
2856638400570,26141275704,LOA
8491252580159,67063802499,Crédit
7355785587782,97384884287,LOA
7733035477002,43094802268,Crédit
2515438203782,19351278959,Crédit
5044135171955,31329137088,Crédit
1565545944886,70317464406,LOA
5773970049686,62386417525,Crédit
1927569307596,29506457704,LOA
9573774805339,89736593073,Crédit
2359085965099,45502013469,Crédit
9732477465940,91958410955,LOA
1627592547951,93683946334,Crédit
1046831137853,34529478008,LOA
1286054512645,91942762788,Crédit
4805768573268,49748779423,Crédit
9680683917208,28779446759,Crédit
9488755035588,65201088017,Crédit
7335450591093,31297431557,Crédit
4300218371962,81996752200,Crédit
2014126943510,49250773286,Crédit
2314705622679,97413268982,LOA
2302082159355,61979643482,Crédit
1877576808149,94615994531,LOA
3491215728585,78032012579,Crédit
7841808079558,56729797187,LOA
6108984830964,45246478072,LOA
4013563597486,49616109260,Crédit
2481517440179,10370670561,LOA
8993180154664,71548013343,Crédit
7567027264390,32062139081,Crédit
4989743470495,59335095555,LOA
8154273369660,75660890199,Crédit
9169370777703,16061444873,LOA
4255806983042,87592705207,LOA
4425944306443,68963698220,LOA
6532025851526,58204877253,LOA
9051505013606,77859552718,LOA
8172519752320,36791148113,LOA
4271748493501,43462480668,LOA
4987495770100,28693429850,LOA
4915180213518,51821268933,LOA
4987495770100,86722113746,LOA
9312824565907,11001137955,Crédit
3783289165649,29965741898,LOA
6752161521453,13739902730,Crédit
7751712923788,13579428726,Crédit
7894998597314,79111587140,LOA
2596202703702,64132623621,Crédit
6060368539053,95570766493,LOA
9029911684087,98048579521,LOA
1888296745110,74715714424,Crédit
3376195295534,62012246559,Crédit
5369228834831,97657326972,LOA
2839868323292,87031881999,Crédit
8352631168120,66934122643,LOA
2660964332769,52045981505,Crédit
2109221298039,24435544005,LOA
6208978300143,53870876308,Crédit
3773398614746,71207534942,Crédit
6536246276424,14541059388,Crédit
3798060967770,57182307262,LOA
6100255155970,30253515601,Crédit
8421030478871,21632393121,Crédit
5709908482015,50188393392,Crédit
9611916468720,23862729810,Crédit
7135138423331,93246915722,Crédit
8056510684186,96702936065,Crédit
3036552690233,37069481175,LOA
1664050721966,77130593988,Crédit
5946884584146,89225942271,Crédit
7427832960416,47297317398,Crédit
6037294543736,74849296848,Crédit
6533361016607,74674914922,LOA
4848672905129,59358596914,Crédit
7981609366417,94617890241,Crédit
4425859632736,50825490780,LOA
6420848300103,99882290244,Crédit
3306512833656,95101500973,Crédit
4526907732569,60720197108,LOA
3981920064412,76145689083,LOA
4097807318211,84075827755,Crédit
2191127644995,77572004253,LOA
9773971940123,71542317117,Crédit
4476531002571,16701720963,Crédit
1449223755725,16777026257,LOA
7546828938934,32062139081,LOA
2208724586033,59263612448,LOA
1805637255116,92043577510,Crédit
2686679453902,92310292755,Crédit
8274478116301,69018191518,LOA
1481121358859,67765465695,Crédit
5787261199085,20033980327,Crédit
4255908200610,43397294923,LOA
8247637312472,62663901203,LOA
7969153695017,13739902730,Crédit
2176788578988,20862335499,Crédit
3481653770314,11427191022,Crédit
8007488689623,44178677182,Crédit
1337018784819,92707339038,Crédit
1069672023102,49437573326,LOA
7518877657170,47926699873,LOA
5271794118263,59354450611,LOA
5723051218799,18600733612,Crédit
9150684897682,46344013295,Crédit
6157093778234,71290724832,Crédit
7226963279513,20723857484,Crédit
3018781637750,85120052219,LOA
3611987442888,26718239746,Crédit
3494767532808,85056763920,Crédit
1388609104038,62608554398,LOA
9616857486496,58299655202,Crédit
2686062979275,39239910740,Crédit
6662762873973,39729510407,Crédit
2751685082568,89332985322,LOA
7533764848499,81668550558,LOA
6667800609635,43330057078,Crédit
5210872346274,29556223911,LOA
6185037518694,77589159621,LOA
7187179702441,30627612509,LOA
9491300407107,29559836885,LOA
2114988891369,91410504106,Crédit
9884924338741,63742119592,Crédit
8988465629002,82125555931,LOA
4105717160217,27584459684,LOA
9621802986011,56517251378,LOA
9781169040584,37839379495,Crédit
4018684627345,55317765157,Crédit
6769839931729,33380770117,Crédit
9169370777703,58635013305,Crédit
9292793429502,85708588786,Crédit
5125086744707,11060137591,Crédit
9490466198800,35036905688,Crédit
6789426378292,54931984473,LOA
8514387705585,29105356086,Crédit
8993180154664,45439926592,Crédit
4565265157763,67664084013,LOA
3181048883215,15554009645,LOA
4989743470495,67725106576,Crédit
7177050030148,33315996185,LOA
5216031065023,76414578428,Crédit
9781120192930,55848439935,LOA
3236160145166,15036746934,LOA
5153507679206,11797517786,Crédit
5020580163362,58729888382,LOA
8184010500201,86786020981,Crédit
5509150018339,85136049007,LOA
7069199278390,36916500774,Crédit
5007720945076,23655932697,LOA
1399211817389,70396034613,LOA
4777729598269,52281944621,Crédit
3887392876966,49901925175,Crédit
3106036588177,81404133209,Crédit
3918385556672,94868217525,LOA
5871183751303,58299655202,LOA
9380050898614,94503785832,LOA
9315019160925,35024234559,LOA
6265948767028,16666764825,LOA
9270366590984,23608903868,Crédit
3278531767977,85234035412,LOA
3819211468919,37513753478,Crédit
5744628391848,96950492687,Crédit
1366168753326,65445998028,LOA
2755756402799,10960709141,Crédit
4068239056946,76427756522,Crédit
5459535418019,72040838029,LOA
7876337498857,43714064764,LOA
8438861271825,24246729521,Crédit
9326430209573,70008243141,Crédit
5091592634848,28550681717,LOA
4277884825102,34985204172,Crédit
4212880757540,82152855300,LOA
2880065353882,64382593439,Crédit
3486492138232,11333140080,LOA
6378385639075,40940913058,Crédit
8475832976809,44133361106,LOA
9029911684087,27591482607,LOA
7184903980131,43579288161,LOA
9605284123316,12648178847,Crédit
2085131510725,92310632348,Crédit
3408637595536,56753550874,LOA
6126790954741,23207745629,Crédit
6936593143163,65084553327,Crédit
9174996161240,62610406728,Crédit
1967871216916,91223163764,Crédit
2757090718156,92310908659,Crédit
9018332053036,19985960110,LOA
2670761624755,78710450889,LOA
5087295805397,95416286880,Crédit
2610933305606,15540156635,LOA
9051505013606,72530341327,Crédit
5946884584146,49826027479,LOA
6809393549790,83332587624,Crédit
2557518153850,94721972494,Crédit
6180743559648,67826157187,LOA
6826407528323,83835873342,LOA
6843625431231,47555315547,Crédit
1467913776406,54465929307,LOA
8898097723288,37710652766,LOA
4856597069360,72377535174,LOA
6662762873973,68129138453,Crédit
7061591909310,62384436838,Crédit
3056505783866,40940913058,LOA
9327118649238,86942747578,Crédit
7178892113765,75495803302,Crédit
3785221136701,77156030702,Crédit
5052513876310,86585394066,LOA
1131007798794,56358127723,LOA
3665605030315,34399870069,Crédit
4706439926284,23109620915,Crédit
5947709744364,13317946451,Crédit
9084484558685,52097413273,Crédit
9171231901558,38678011753,Crédit
6180743559648,33943281688,LOA
7176881525608,81800868413,Crédit
1926776343499,62063715866,Crédit
5578324534457,65509077310,Crédit
1265453859044,30834713611,LOA
4359140342032,49228581519,Crédit
3265386020066,46001520295,Crédit
2494537656946,10046163026,Crédit
6653474301507,85086836186,Crédit
5227347397600,26023235216,LOA
8423912075710,40283628249,LOA
7537649933696,20033980327,Crédit
9077696396390,24260259933,LOA
2068434293373,72796441588,LOA
3333447978987,36028149843,LOA
4186299525082,65238352796,LOA
7830060574458,57214050931,Crédit
7187551012007,81631681118,LOA
6488096101555,34326152670,LOA
2882366701275,93960027871,LOA
2610933305606,99675601775,LOA
9025726041564,51663672444,LOA
9726074946567,97730989350,Crédit
6538369577869,25339975889,Crédit
9066995703246,61320687269,Crédit
8481415684701,14251295798,Crédit
5020580163362,63742119592,LOA
7401749287805,52097413273,Crédit
6977222483789,79111587140,Crédit
5310830049698,78232121021,Crédit
1391328513814,17686165878,LOA
7671477192622,54159697051,Crédit
1979686084471,59942445555,Crédit
1805637255116,31516643146,LOA
1621438060818,19575789252,LOA
2581902668008,22911392014,Crédit
9042279170753,89369978545,LOA
9419597781381,34866800953,Crédit
6215759454531,77397358122,LOA
2467017270587,50808598034,Crédit
4043925613823,79752157969,Crédit
9474671047201,79557480861,Crédit
7348527282523,53919587551,Crédit
2649127237515,92092074937,LOA
7680909978729,66388351972,LOA
9060754991724,21680588559,LOA
5585698381951,51507371467,LOA
8065124234235,83253409059,Crédit
1858161965641,95346858666,LOA
2314954370859,45084125635,Crédit
6352621137079,70925755641,LOA
7582104711405,98575797213,LOA
8729390432222,47511288396,Crédit
4671105533285,65309794429,Crédit
4638971226250,79264323514,LOA
6316088070251,26422081363,Crédit
7876143992674,41133292563,Crédit
5911114556361,51152161694,LOA
8309299974530,67757714475,Crédit
5313531263022,54064681150,Crédit
6533408070526,34990161433,Crédit
6635029452212,58432317926,LOA
6002712888403,41247104223,LOA
5849611998886,20042491532,Crédit
2881681590802,28221178815,Crédit
5216031065023,34529478008,Crédit
3670408015303,15520059981,LOA
4197713774010,71264730741,Crédit
6717475123176,20930420985,LOA
9247773285639,80122883593,LOA
6831457582847,48017855214,Crédit
8416002538347,65027107002,LOA
6742178272618,63726323626,Crédit
8279134306872,93535480039,LOA
6334407422299,12919174837,LOA
6237305059654,69848776786,Crédit
1206924058738,62545864288,LOA
9900553211066,44547365045,Crédit
9348630262675,88832927010,Crédit
1775114780828,62778305907,LOA
8801832887306,59271225107,Crédit
9533832980994,38371281535,Crédit
3653811984501,69613597045,LOA
1447115327679,45759027536,LOA
5251160153760,26335819740,LOA
1558048640131,19219141025,LOA
2954048202633,91010369755,Crédit
6944802910049,36291143809,LOA
8377590886605,94470148425,LOA
4596382391186,86722113746,Crédit
3821083087013,59111423915,Crédit
6574158448659,25046976186,LOA
8370981371010,86270007773,LOA
3605850665125,48918543102,LOA
1078071379200,77433659160,Crédit
4692036369541,40996308888,Crédit
9881821506063,60817091821,LOA
5709108586974,61205808747,LOA
2738982711903,50215461515,LOA
4395688638054,79397119473,Crédit
4915180213518,65699519230,Crédit
1428962801297,27584459684,Crédit
6492977302880,99258695478,Crédit
3553907784882,61331236210,Crédit
3439590733191,71916360513,Crédit
3101945737491,28070898934,Crédit
2661697013503,97414866944,LOA
4931426131470,29550782325,LOA
8107897029418,85042304918,Crédit
9611403407675,89533150362,LOA
9315227478588,60751142990,Crédit
7868845500673,17367857203,Crédit
6350522735264,13733991233,LOA
9323395936095,30839852250,Crédit
2839372593786,49512411476,LOA
3542884852849,91280928670,Crédit
9887224387009,86189185057,LOA
2205444158738,58131429465,LOA
2458031595694,37618919088,LOA
9424526050563,23320447654,Crédit
3626996984059,28289450522,Crédit
7855885498234,61406261639,Crédit
7427832960416,49881587273,LOA
2680742617724,89884267593,Crédit
6234062381561,77433659160,Crédit
4668233118335,58131429465,Crédit
7441849964326,12990822331,Crédit
8629046286750,70617894968,LOA
5901335909017,37618919088,Crédit
4808220307883,53885719864,LOA
1437690748328,13056649852,Crédit
1636054287443,37708225397,Crédit
3450809819860,65445998028,Crédit
7227904326680,79156510092,Crédit
9091794354218,94493660806,Crédit
9080251907602,30469784105,Crédit
7643584910932,35244020893,Crédit
3161526620827,59599808841,LOA
5567278414747,41296129368,Crédit
5214675667660,67101182673,LOA
1111429528508,40073298942,Crédit
8969777430567,70617894968,LOA
4857641387082,22983940839,LOA
2840326246158,20913263150,Crédit
7612299302198,67101182673,Crédit
8540244446799,33851226193,Crédit
8370981371010,44627724594,LOA
7205822035129,84210580871,Crédit
3608223621576,80194181092,Crédit
6113616673689,84259964828,Crédit
7509274718100,54842412129,Crédit
1422920357105,69696027867,LOA
6213374399623,64156356534,Crédit
1028888763862,79517556626,LOA
2321515240414,85177126467,LOA
9531869741380,50432515319,Crédit
9510677073742,35120779798,LOA
7306069601148,95019328350,LOA
9776960579784,98408505068,Crédit
5836046341625,33652931560,Crédit
8324701527484,30424016137,Crédit
8395807216965,24135743008,Crédit
4455289289107,58575049539,LOA
3867031661137,60018593819,LOA
5124813262562,39389242674,Crédit
3812718705034,75172906337,LOA
6291728015381,55261176880,LOA
5546100942528,78120754441,Crédit
7496970594795,25365156705,LOA
6352621137079,75351402041,LOA
8701763037248,11106685589,LOA
6316088070251,84144289604,LOA
3305811252825,52272857912,LOA
7279249063789,22684557110,Crédit
8588626043679,97162148196,Crédit
4102466993469,94302582196,Crédit
2057119555199,73312093198,Crédit
9631110708490,48603463748,Crédit
4467429402336,82870753301,LOA
3966447199807,47783101133,LOA
2056585141395,15866986954,Crédit
6701204681842,35515062265,LOA
1785012998855,22379391933,Crédit
3991791571215,64767114567,Crédit
9277140338193,94448984177,LOA
7120049200005,16545081369,Crédit
3785221136701,35949604854,Crédit
6667800609635,18871102422,LOA
5427136267577,37634447222,LOA
1190428251922,92129830865,LOA
7751712923788,45436872761,LOA
6483038992286,73296087062,LOA
2924048389907,94364789475,Crédit
8629046286750,49989306407,Crédit
1667708993428,20411494262,Crédit
8032743399442,78346090132,Crédit
5736806879829,43444893685,LOA
1047884555396,58308598682,LOA
5373029762150,55324760976,Crédit
1871530965755,67799581390,LOA
3831783430907,42595209531,Crédit
8238755698074,68600586006,LOA
4471239324626,96744988231,Crédit
5699442450999,96998373132,Crédit
1955645313767,38449096437,Crédit
4762016613114,79785737237,LOA
4480599816379,52025612513,Crédit
2561531686950,47783101133,LOA
3568885033362,35333259088,LOA
6334407422299,89375595618,Crédit
1995451394317,40732910775,LOA
5601720535734,94617890241,Crédit
2149293802900,58204877253,Crédit
8410328448116,29559836885,LOA
2287763001482,62164650476,Crédit
7288242544560,79696677361,LOA
8273222957323,31536945327,Crédit
1574120415552,95072502162,Crédit
9027247425761,91217231761,LOA
4635840297674,69191210905,Crédit
2394672137183,96263209109,LOA
2742448542359,11280696433,LOA
3843006602162,21464002533,Crédit
3364113688006,53194372400,Crédit
4369635303899,82535912166,Crédit
3694002284982,38318134146,LOA
7452191038519,63289047562,Crédit
4404180827522,56200296582,Crédit
1735026681700,77014981374,LOA
6950575493879,24949449820,LOA
3374336118288,96605800564,LOA
4497340027225,59902756489,Crédit
7370474099637,62929708463,LOA
5313483736396,49440606232,LOA
8768204733891,16079920487,LOA
6590835949506,95160874834,LOA
4304008992063,57335143849,LOA
6869367239675,91722715544,LOA
4814286219071,85657805080,LOA
5426767668226,60218608275,LOA
2498334589109,33403530500,Crédit
7125087948093,54483331757,Crédit
2120834520591,10765913990,Crédit
4668233118335,88141153696,Crédit
6857363279865,30057148155,Crédit
2422909332172,30849281237,LOA
4758867797653,98859910703,LOA
2729342356410,96646345883,Crédit
3408637595536,65668017719,Crédit
7029625402511,65023473587,Crédit
5856661791815,16975869444,Crédit
7227070050850,20866518694,LOA
5308861675028,88959967936,LOA
6371262030771,41359484787,LOA
5865106703435,15540156635,Crédit
6695191818710,49250773286,Crédit
5055259246377,62381353546,LOA
3864549255713,72298120162,LOA
1493541705283,92310292755,Crédit
1373975022915,32957218309,Crédit
2237749160135,46209000256,Crédit
3121394620035,76162707467,Crédit
4951729791800,79421857211,LOA
2422281372821,69786553674,LOA
7701519269945,69747582348,Crédit
2839372593786,30057148155,LOA
2742055275103,57993926247,Crédit
6816320857303,40661403977,Crédit
1169681492453,74026859195,Crédit
7020342428235,59083240543,LOA
8465684895060,50466684094,LOA
7750108971629,42330514001,LOA
2332967981612,24135743008,Crédit
2588033341210,63516082113,LOA
6617183963652,69020233706,Crédit
5613211565953,56073445601,LOA
8665002466742,42291690034,Crédit
5066564635197,41647946726,Crédit
6505167888658,81211296882,LOA
9174996161240,82696620746,Crédit
2901035625280,26369596542,LOA
3086411601161,31516643146,Crédit
2539938308931,75730236110,LOA
9512310182883,63126065148,LOA
6344873240404,65445998028,LOA
5346041805258,93128025320,Crédit
5795250813447,77126102401,LOA
5482450782647,90203504147,Crédit
6826407528323,24878674168,Crédit
6124350538083,64288399870,Crédit
4525208178880,33469679513,LOA
7673769099746,94896853783,Crédit
2287763001482,85191404213,LOA
5615004591914,69183095016,LOA
4237717135925,99924567465,Crédit
9299846479070,82143828871,LOA
1140613048374,22182032017,Crédit
8686531142817,62520254519,Crédit
2666827021277,49258491121,LOA
9224018488517,65788109474,LOA
8281716856691,58171905658,Crédit
6057216956086,59371750181,Crédit
2030833755890,21277846008,Crédit
7282242352934,49228581519,Crédit
5615004591914,40497289871,Crédit
9582067461946,42754557951,LOA
3255492364986,85328065323,Crédit
6172842442997,55049877519,LOA
4978618507820,52922779127,Crédit
4129705800857,79370573165,LOA
7277780882695,49949358056,Crédit
7946751568754,15771159913,Crédit
8416002538347,36076964022,LOA
1964046221528,38678011753,LOA
2039460436510,86878098062,Crédit
6057326485943,59828867771,LOA
9397443761713,25624071935,Crédit
1080631878206,43042139385,Crédit
4974046248598,57522294518,Crédit
7550575494109,43028341279,Crédit
1102351801275,97214675436,LOA
1584942758770,30495481194,Crédit
9352424755083,81806300621,Crédit
4526907732569,60632050259,Crédit
2780361571680,96030614618,LOA
4512123278486,22379391933,LOA
3495653027620,51667075958,LOA
5673427212882,87031881999,Crédit
4194527609901,85086836186,LOA
8212893027869,86380666042,Crédit
7321963550208,13317946451,Crédit
7592932122708,16777026257,Crédit
6531691749191,35629212578,LOA
4279946490557,11352440221,Crédit
5227766412851,33731985581,LOA
2208724586033,21850440303,LOA
1586321893565,57729005328,Crédit
4518324477148,76645769379,Crédit
8378151762468,64424134207,Crédit
8641211008869,18814734480,LOA
6436540818735,25220766120,LOA
5295776403450,71548013343,LOA
3540397376821,42795179505,LOA
3344281388737,46001520295,LOA
2302082159355,70867702878,Crédit
9245238429063,87486715778,Crédit
3592010901116,77476915001,Crédit
8948052124493,24196874623,LOA
8274478116301,23914695122,LOA
8543084611095,32821396165,LOA
2999623614368,12134688850,Crédit
5564611136080,40353793635,Crédit
8144349454642,56073445601,Crédit
2299662759467,77008249798,Crédit
3434528928409,10343110585,LOA
9470272517647,90795457701,LOA
9622041129760,32372781791,Crédit
4735380858262,51507371467,LOA
7632685418264,50845019869,LOA
2677293213167,99119223444,LOA
3119474378415,78207330277,Crédit
3040357461508,68729494278,Crédit
4936616018636,98741773957,Crédit
5415719429314,20908671104,Crédit
3450809819860,26845895353,Crédit
1563998769752,34866800953,LOA
8438302077473,27871932098,LOA
5650604524870,89759418099,Crédit
5992723231076,20913263150,LOA
9068668426652,84836049567,Crédit
6028901916930,83728273816,LOA
5906656848804,67082206035,Crédit
1972460406130,44173775527,LOA
7886357736841,17110679094,LOA
2486511360819,84599276731,LOA
4348373991685,72000853537,LOA
3877371338626,33684827122,Crédit
1776031196728,67852273810,Crédit
6078217706647,54397975738,LOA
5798384395636,39467186337,Crédit
1047896510658,27470571264,LOA
7969153695017,64087592669,LOA
2956660157901,45855978719,LOA
5772335396392,62386417525,LOA
1406297217650,85705103062,LOA
7617415800787,53242725737,LOA
1995626636978,74317395204,LOA
2670761624755,85965336349,Crédit
1831224158709,84800195577,LOA
2591848236021,71207534942,Crédit
7234101524183,62851168544,LOA
1411310140799,31960786088,LOA
5190880191376,55723964895,LOA
4994453225760,33105157392,Crédit
2757090718156,66752762153,Crédit
3509457341101,26144557746,Crédit
4819470954206,83833151613,LOA
2019913075597,45246478072,LOA
7531668222107,66491866297,LOA
9395442815486,94238459590,LOA
1197758184735,76060628278,Crédit
2642502131728,51124422603,Crédit
4085132028759,94615994531,Crédit
4505128221552,10960709141,Crédit
2345519914162,98150591260,Crédit
1325025483933,79123841753,Crédit
3875927842332,71458514929,Crédit
7018326675051,50432515319,Crédit
1463306648135,95160874834,Crédit
4685090975917,78242841811,LOA
3682624882530,96971102825,LOA
1617668170111,25426617139,LOA
5178450482182,33087966185,Crédit
8211931471282,63832665767,Crédit
7509274718100,83147947987,Crédit
2605159172652,62851168544,Crédit
6210466563459,23480390717,LOA
8488945731784,37940220021,LOA
8273222957323,68640676119,Crédit
4855507263415,60632050259,LOA
9868754302482,65837472781,LOA
5120137078699,70481806360,LOA
3333447978987,27325859626,Crédit
4967568433288,42594902297,Crédit
2006179116376,70059188039,Crédit
6132330540362,51204789862,Crédit
4027566853044,37710652766,LOA
6580108377956,45941002551,LOA
2725706421198,45601130217,LOA
2719310029439,72377535174,Crédit
4050596044399,60260648232,LOA
2974017019193,47511288396,Crédit
6863908692364,69020233706,LOA
9459066811123,75707826671,Crédit
6512574059155,29577151829,LOA
7595378360035,93012093788,Crédit
4390423780755,84836049567,Crédit
9533281830398,48031364122,LOA
2374985782590,16701720963,LOA
3770716870086,63153068131,Crédit
8456890827798,62940307329,LOA
6043949203100,52642395201,Crédit
3044565909821,61205808747,LOA
9959743165724,69788968397,LOA
9677771797931,34739918408,Crédit
8624306409306,33887359283,Crédit
5709108586974,73106668041,Crédit
7279249063789,93494522634,Crédit
2234518644329,34680621581,LOA
7320992383223,63126065148,Crédit
4361803737477,49748779423,Crédit
8971821763894,44918374835,Crédit
1770188515347,62381353546,LOA
5732258505029,65722777779,LOA
8867537221439,68042131092,LOA
3719149721488,90193515317,LOA
1089805723950,76288526932,Crédit
9028521809691,77685726005,Crédit
4339716162575,32847100133,LOA
9027931079032,97384772774,Crédit
8410328448116,21699635223,LOA
3249884717235,95209862336,Crédit
5679743524809,81616146447,LOA
7582104711405,31260363026,Crédit
1666460342273,36578396435,LOA
6600636124796,66252483111,LOA
5244911432792,82968423003,Crédit
3257964830210,90453719255,LOA
4055541082134,88852398723,Crédit
7966894706292,15671182647,Crédit
7616454354972,34337817228,Crédit
3419949744910,30537491590,Crédit
9374255665396,85111887381,LOA
9397203067461,97909901417,LOA
2227658697871,17702735927,LOA
3062560794262,64423573037,LOA
8438861271825,36990794502,LOA
4937199778689,49086319151,LOA
8078164160034,94728486407,Crédit
5613211565953,26528050664,LOA
7770912724322,30621350703,Crédit
3621490295357,45931898803,Crédit
8894970738627,81806300621,Crédit
3008145546693,88738624395,Crédit
3376308109962,56753550874,Crédit
4013563597486,69695699485,LOA
8632396234868,44667436973,Crédit
6574158448659,48307110622,LOA
3958353234957,14316864727,LOA
4425859632736,61692125827,Crédit
5664512720999,28693429850,LOA
4952389907120,59048987589,Crédit
4449388239135,95750452558,Crédit
1888296745110,31655964226,LOA
6693547109400,97945138402,Crédit
2311054160779,92497143022,Crédit
3234262257272,35888991692,Crédit
3677826407166,42893664160,Crédit
2680742617724,60842461554,LOA
5578324534457,99118102759,LOA
5944410056052,76932662802,Crédit
3095663209708,91001537654,Crédit
9847981227447,92092074937,Crédit
6395410111792,51559308111,LOA
6057105311704,40283628249,Crédit
4394389888497,16777026257,Crédit
6967578875856,53445173282,LOA
7374004248480,70163581702,Crédit
5952203248932,14360889377,Crédit
5881063545001,56556657707,Crédit
7456582651334,79910427784,LOA
7821888840901,56573832138,Crédit
8155482079560,57689376267,Crédit
7886357736841,32480955158,LOA
2007786486108,48495292277,Crédit
9559901568904,99992452348,LOA
5369228834831,93284585414,Crédit
5479442138739,82143792498,Crédit
6497201407702,14229784874,Crédit
7486193688024,52390728675,LOA
5265080457199,27325859626,LOA
3676002350942,15197821099,LOA
1271855933604,38611815367,LOA
2798918590551,69923965317,LOA
2576176787983,68227395198,Crédit
6144707858460,78207462938,LOA
2328685333282,31120773208,Crédit
7783110557781,28399685308,Crédit
1684890005218,79803544159,LOA
9437790017877,36107533647,Crédit
2973575328698,79110692727,Crédit
3719369599654,26460691334,LOA
6049305003109,88292171076,LOA
6792900710169,63829513389,Crédit
6557143555363,20411494262,Crédit
5950073179101,17652225838,LOA
1047884555396,45762003505,LOA
8410328448116,21474878105,LOA
8023959340411,20384028859,Crédit
3865876952652,93024596615,Crédit
6568464709791,71128263545,LOA
9533654291066,70565029842,LOA
3895359640559,50808598034,Crédit
5708504177912,70387462066,Crédit
7998178161634,39030174733,LOA
2854794272049,62955727802,Crédit
5886073961582,71957458160,LOA
2700954809858,23210040075,Crédit
7886357736841,75537144745,Crédit
6623311105405,58131429465,LOA
9079610333939,97024196723,Crédit
7480695056982,50803786056,LOA
7291184655652,54812986650,Crédit
3031840341111,92763803471,Crédit
7278168246001,86181325204,Crédit
1735274929238,60041800889,LOA
4048072259979,67421780362,LOA
1163827246372,50924605709,Crédit
8609617449381,67927436615,Crédit
8083126294378,30537491590,Crédit
7836565332800,11211715658,LOA
4688425264527,79920376534,LOA
7006652105336,42606221178,LOA
6076387911244,14248944815,LOA
9719239271589,22763350346,LOA
7282242352934,16490850158,Crédit
3974234865898,22977363080,LOA
1006589520096,30215010404,Crédit
4637370007594,53885719864,Crédit
6601391463386,74465726690,LOA
3214553218063,59021640152,LOA
5673427212882,34237415291,Crédit
5302580859913,87861014844,Crédit
2168687819714,52119938856,Crédit
9564223623069,22977363080,Crédit
6226332102561,71071286894,LOA
3365699752328,13609188207,LOA
6319514202844,39827138647,LOA
1495362730031,43028341279,LOA
6251533266382,95370799886,Crédit
3123815700079,17725914254,Crédit
5991606019570,31109935828,LOA
6806242814130,30659604859,LOA
7868845500673,36294430629,Crédit
2498334589109,86421999980,Crédit
8526993684047,98951346196,Crédit
3282967737497,94875482173,Crédit
5060150920545,42114147887,Crédit
8531613045646,18548763435,LOA
9604000716289,70925755641,Crédit
4174159746425,68129138453,Crédit
7569810196507,42595209531,LOA
7074018980109,13307067394,Crédit
9299541650958,11005650429,Crédit
4029137864181,63148758864,LOA
8941890182247,82388181029,Crédit
8841388090272,10840337977,Crédit
1872525217952,62955727802,Crédit
8596139638492,82766040562,Crédit
8780646967249,30656489108,Crédit
4313521000284,19926633210,Crédit
5123721040291,42668352888,Crédit
2643825733650,16839860161,LOA
5653016378006,72626877121,LOA
3840400663076,98830819071,LOA
1540877134129,38362815027,Crédit
2806679819509,66532832228,Crédit
4675987172524,39514482137,Crédit
7764282819655,17232364611,LOA
5426767668226,17725914254,Crédit
6076387911244,14023013718,LOA
1823893591426,70381469642,LOA
3626680359947,81274099937,Crédit
2422909332172,34513636093,LOA
4443924942957,14443682162,Crédit
5154927833445,34238989721,LOA
5871183751303,17174712378,Crédit
4359140342032,67453962815,Crédit
9459066811123,79865763751,LOA
9295389502604,62622450247,LOA
7173936413976,78550594274,Crédit
5819273838740,75756851540,LOA
4004957075850,68332195950,Crédit
8665625509527,32445135503,Crédit
9005086442308,82289855972,LOA
2649326162324,54613023990,Crédit
5430853570626,34007566990,Crédit
3946770338929,58024036026,LOA
3917749393913,62548811252,Crédit
3839918693017,63829513389,Crédit
9698913031344,66934122643,Crédit
7893241392247,48043571574,Crédit
6934630574459,25861485377,Crédit
8817786742018,89683426604,LOA
5663657276671,52018114369,LOA
4085762478860,18339906180,LOA
5159713123457,61354833063,LOA
1242868910191,64150536722,Crédit
3306512833656,42784078072,Crédit
5275696507962,24953341726,LOA
5772335396392,37751267184,Crédit
9361728153249,38239873997,LOA
6512574059155,60780999800,Crédit
1292141304889,47262650775,Crédit
6127546653046,90189778917,Crédit
4520394527139,78285459318,Crédit
8549048295780,81404133209,LOA
1445949416189,16624057845,Crédit
2614868745674,55324760976,LOA
5786118259831,38721879232,Crédit
9503076281355,69848776786,LOA
7747096831776,92806598246,Crédit
8395807216965,60632050259,LOA
9355057765739,24612038476,LOA
3364113688006,54631396598,Crédit
8500927130480,89395188309,LOA
9857886654979,56973061568,Crédit
1090224662780,58864321747,LOA
1978899672763,97452513045,Crédit
4640094069349,95444556912,LOA
3306024775166,71766918155,Crédit
1588464614832,63215563090,LOA
7451075273292,48326981983,LOA
5254042126658,32742467624,LOA
5031207144827,27316467427,Crédit
3200923143918,77008249798,Crédit
5937448386029,32568288696,LOA
8519302768100,58729888382,LOA
7927614012091,46264391606,LOA
5999733378602,80879940682,LOA
7547009275976,67615308903,Crédit
9141477992531,62778305907,LOA
4401813529459,36785800943,Crédit
3207229323136,88292171076,Crédit
3697041621740,25263097948,Crédit
2176788578988,89333053890,LOA
4004029417670,69613597045,Crédit
7434374524267,17005593535,LOA
7200759557141,71286925606,LOA
9027226190592,34090183881,Crédit
8462090187506,55125457758,LOA
7186250142461,21474878105,LOA
4174159746425,82000431948,Crédit
3158204069862,45381263080,LOA
2451180648570,71286925606,LOA
1239497875573,76128405070,LOA
9280146472668,53813438424,LOA
8988465629002,21474878105,LOA
3073907678315,32934200267,LOA
8407047728171,74689095196,LOA
3766879158719,71542317117,Crédit
3415414282091,43462480668,Crédit
8605103505425,73148973399,Crédit
7292067248898,67725106576,LOA
6437202242883,14593619389,Crédit
9943567399638,71191873147,LOA
8718945261651,86677124570,Crédit
6639158777629,10369383912,LOA
6384144690282,55096386345,LOA
4266151341718,47535740109,Crédit
2505696013458,36713433598,LOA
3533656580524,89225942271,LOA
2215325978161,80300077994,LOA
5756903919823,38125589047,LOA
6180743559648,51025385544,Crédit
8694477921735,78207462938,Crédit
9042322433503,68592895936,Crédit
7084352650021,94617890241,LOA
3574821043466,12343079074,LOA
5209887906719,69923965317,LOA
4583680740822,68123403902,Crédit
7461504468806,60291897512,Crédit
3967646790159,76803177534,LOA
3127303585491,55970729407,Crédit
6947431102374,73746033588,Crédit
5149241224404,38741702187,Crédit
4194642570466,19119741878,LOA
6970593178730,73148973399,LOA
2553943255132,61692125827,Crédit
4638971226250,69853105741,Crédit
1188310274202,11676980360,LOA
9051980464960,42784078072,LOA
8261194306292,16839860161,LOA
3622367200602,47013667471,Crédit
5364418969910,66554578101,Crédit
3162013132930,65084553327,LOA
4740638081036,49161675332,Crédit
9589160629451,53707460538,Crédit
2313813491229,42703918647,LOA
8874584287880,38546555817,Crédit
5616800371897,90356350842,Crédit
7541368067984,67504361586,LOA
4076086619907,63726471776,LOA
7176881525608,84916922068,LOA
5018999238909,24056470315,LOA
9718933355608,48073338235,Crédit
7809124656567,67927436615,LOA
4246917559718,37190569493,Crédit
1707513476070,57277556968,Crédit
8484230223749,85152159699,Crédit
5677548476040,62955727802,Crédit
4740429532034,67927436615,Crédit
8723808138285,22995413886,Crédit
9022801521961,61331236210,LOA
9769455589156,48359939441,Crédit
3119474378415,83295720853,Crédit
1621438060818,65563577216,LOA
8801832887306,56359853018,Crédit
3155779287124,98196664933,Crédit
1321360550725,12990822331,Crédit
7967620461001,77859552718,Crédit
9931615036575,86225094369,Crédit
7120049200005,20405866640,LOA
6657242640270,23837039190,LOA
5568543662308,32437685090,LOA
6653474301507,50867441923,Crédit
6976051351222,69711267534,Crédit
8654433938927,95525390852,Crédit
2169582425381,85046339094,Crédit
4425233424731,89035859881,Crédit
3409594638221,29286418195,Crédit
9662073896035,37118586048,LOA
1933086620335,22182032017,Crédit
9047954679883,64270304525,LOA
3762360489295,92707339038,LOA
6530957895743,73545898115,LOA
6539819827514,22798846542,LOA
3278531767977,34019449250,LOA
7445205707020,12956516430,Crédit
3744633206907,68707065499,Crédit
7421098818669,17683574316,Crédit
4478196661220,89608695661,Crédit
6775059286122,32847100133,LOA
6367932826581,12881565660,LOA
5020580163362,21313553698,Crédit
4920034188573,89878245715,LOA
5098607365345,25655144090,Crédit
7369020007855,62984024683,LOA
9931248048797,97592292991,Crédit
1648887755337,97413268982,Crédit
1207086363774,45350677492,Crédit
1310622892430,41165988426,LOA
2214160897081,32273344047,Crédit
5179991252051,36216633997,LOA
4731512754743,51532368417,Crédit
4933024548021,84371149942,Crédit
4955561761096,74983814969,Crédit
9693417495068,42193611316,LOA
2486511360819,65643791888,Crédit
8554178374197,61887939891,Crédit
9044271170628,76145689083,Crédit
7236160921327,56900708147,LOA
3592518996549,94501322144,Crédit
3622367200602,23463605722,Crédit
4181587383641,79927007461,LOA
7921441100672,86270007773,LOA
1449223755725,95960917903,LOA
3296901363380,91270450379,LOA
4449273806832,60329716050,Crédit
3741725679852,94302582196,Crédit
2748504239586,96992649139,Crédit
3514713941695,95812115558,LOA
9485268032656,67803574244,Crédit
5865106703435,44389214538,Crédit
5142861363434,60004994351,Crédit
7202768352577,86882579968,LOA
3414347659754,22983940839,Crédit
8322024597926,40152202626,Crédit
4049350890278,10565980326,Crédit
4619359767991,87884582998,Crédit
9065326700636,79264323514,LOA
9128597750842,38678011753,LOA
8801355796457,75837061867,Crédit
1753318953682,82224635779,LOA
7217389134283,92566694657,LOA
4525208178880,96659955626,LOA
7933154386379,55653232445,LOA
3759105736048,21125531354,LOA
4620966585787,11060137591,Crédit
1617901021022,95287336998,Crédit
1140613048374,44667436973,Crédit
4081459862672,32875221532,Crédit
7981610417010,13012743990,LOA
5237194120238,53107424377,LOA
4603097848561,61369072812,Crédit
7041862282482,82718045231,LOA
8776596087106,94120075678,Crédit
1364066632733,93603328094,LOA
3917247704325,83581143626,LOA
3640837808082,96582229564,Crédit
8903770915963,62618409731,Crédit
2110203000787,41282738020,Crédit
6607713383315,18969170537,LOA
4932714231638,23032243041,LOA
7797285801140,24878674168,LOA
5009078535284,53813438424,LOA
6514005250667,64818527431,Crédit
6832200873648,15477449648,LOA
7713771967234,98950247729,LOA
8091259622512,95212865392,LOA
9141477992531,32160960192,LOA
8027428551332,56517251378,Crédit
4980362362222,55320808893,LOA
8920406311928,52922779127,Crédit
5330946270145,86438743358,Crédit
1757255098039,20929783481,Crédit
4256381810444,12609128934,Crédit
3687776996850,32847100133,Crédit
5924645364768,16750246661,LOA
5254042126658,17687737239,Crédit
7795173833732,54343015177,Crédit
8794606586909,96030614618,LOA
3187205997750,54869641974,LOA
9475110230947,85351145911,Crédit
7864886622944,75839684532,Crédit
8854191394643,30841190658,Crédit
4541015069427,57791695186,LOA
1556708387009,40342048114,Crédit
9380050898614,92972442529,Crédit
1432100348454,14593619389,LOA
9389245067652,10088466141,Crédit
7877878634856,67927436615,LOA
8434865377274,44628847989,LOA
4902553708939,26420609071,Crédit
6328787079228,36583620208,Crédit
8571346717939,46630816925,Crédit
1047469720979,79370573165,Crédit
6485551749315,30705613570,Crédit
3951344955721,42223903130,LOA
5251160153760,23021740236,Crédit
5262937901466,97657326972,Crédit
3802059006705,76162707467,Crédit
7507081951020,89608695661,Crédit
8646287004231,33518710498,Crédit
2378343602449,33684827122,Crédit
6116640561711,33333447441,Crédit
9761801201005,83610116897,LOA
2387136150425,81576483033,Crédit
8190360959611,84326799799,Crédit
5721379344200,50921286308,Crédit
1199973650125,23655932697,LOA
7421036579902,32804272423,Crédit
2974017019193,77517121585,LOA
6702585497510,53870876308,Crédit
6584654731869,51801463390,Crédit
3306024775166,17702735927,Crédit
6668161097023,15975645223,Crédit
2571921902819,74862166704,LOA
2648072583558,46711949756,LOA
5457100359288,93024596615,LOA
5295776403450,79557480861,LOA
4082602106345,57418325496,LOA
3233974109149,17531714485,LOA
1352823907437,99119223444,LOA
8541607788618,34043654443,Crédit
6869367239675,99540217142,LOA
2781525085810,36478738040,Crédit
4186882544582,77231850502,Crédit
2709738518394,76427756522,LOA
7581671174280,15839273237,LOA
8200201311105,16146164712,Crédit
5149963899642,75869780161,Crédit
9825649428612,19711692655,Crédit
6124350538083,90114530140,Crédit
9162870085801,58884480802,Crédit
7606170262864,10342648677,Crédit
9178413820841,94740951137,LOA
4713422870877,72571825394,LOA
7178892113765,86850030857,Crédit
4997048027631,94471587670,Crédit
2867894810726,48115209132,LOA
6354889997959,82866104790,LOA
3258486486477,47346100008,LOA
1864398214473,42969178094,LOA
3642642918143,65234452312,Crédit
5239821292322,64204865578,Crédit
6755138875693,20411494262,Crédit
4577201835049,57471506652,LOA
3900321827688,38356986861,Crédit
3404854164996,83344558562,LOA
6350471395364,46236093273,Crédit
3770716870086,97056571741,Crédit
9530822153638,33248053990,LOA
9044271170628,75800303897,Crédit
3059882953483,98364063299,LOA
6243263393573,35791177768,LOA
4955030055649,67765465695,LOA
2174938058282,66785200509,Crédit
6940059384247,15839273237,LOA
1955486804888,31773553685,LOA
3557899731864,30799084544,Crédit
9720032253686,14102145605,Crédit
2505696013458,99346310167,Crédit
9847981227447,41588164225,Crédit
9890788714233,47555315547,Crédit
7734644527147,25804423604,Crédit
2332134633733,71423456002,LOA
6072059540123,21791892628,LOA
8307702426794,73052000442,Crédit
3299746350370,35014925684,LOA
9512732486484,22399223914,Crédit
4526289746007,15920791197,Crédit
5251433342469,10048868375,Crédit
6693412076887,70149232567,LOA
3071524510125,40030389064,LOA
8281169648826,89487491222,LOA
4520394527139,32847100133,Crédit
6536246276424,29965741898,Crédit
4751425370685,22219983820,Crédit
9845100728460,82218093233,LOA
5368829882595,10450519449,LOA
6944802910049,73148973399,LOA
4186882544582,73106668041,LOA
8169729849922,35460488394,LOA
5497428819571,96239175446,LOA
3271401382685,10088466141,LOA
8724145996291,58858238918,LOA
8444747519557,37812993608,Crédit
4869777740666,84800195577,LOA
3452754533935,74702134134,LOA
5153507679206,24949449820,Crédit
4566394467694,90453719255,LOA
8148231842857,62520254519,LOA
3766879158719,45073135266,Crédit
6574158448659,62474495312,LOA
4800318672114,58628660612,Crédit
3162857117926,74849296848,Crédit
2324651184179,49979232580,Crédit
2808161951382,31862705283,Crédit
4252654731399,81264608113,LOA
4032074183676,73762536553,Crédit
9834329149452,83332587624,LOA
2591848236021,58204877253,Crédit
1668647679022,90800246017,LOA
4098874404350,16146164712,Crédit
6063708235400,32680203567,LOA
4852099649906,38210998654,LOA
7374004248480,96263209109,Crédit
1080998107847,90795457701,LOA
5609815461365,90162046234,Crédit
2155215364465,53295061967,LOA
5901335909017,79123841753,LOA
3850097895148,39269056114,Crédit
2510035891900,86559771543,LOA
1243925769949,35613292909,LOA
9044668284420,71114531193,LOA
1190428251922,46919312572,LOA
2440720959016,39863302187,LOA
7518877657170,38651809759,Crédit
8977619837114,18220512611,LOA
4339409184865,44366635866,Crédit
4584155202411,38474555810,LOA
6755138875693,83270002542,Crédit
3821083087013,28393768446,LOA
1112772920790,28583774384,Crédit
1375132681259,77949363162,Crédit
4476531002571,31620155727,Crédit
3547311966692,93623730640,LOA
3980236750872,77823395995,Crédit
3841213634984,88309022628,Crédit
6490418396996,11352440221,Crédit
1467913776406,67063802499,LOA
4879517772295,31423299610,Crédit
3247549913890,14689771597,Crédit
8699500794502,49616109260,Crédit
6557880788942,30296393988,Crédit
5153545494262,14630206495,Crédit
6982375112358,71831512963,LOA
9611403407675,49989306407,Crédit
5265080457199,30304466521,Crédit
4399119307297,62321909982,Crédit
1868044734788,79695119675,Crédit
3482788438236,78841073560,LOA
8172519752320,81996752200,LOA
4076086619907,23207745629,Crédit
8971257523898,90726052446,LOA
8296248246690,82696620746,Crédit
1190428251922,34256624186,LOA
9845100728460,68980706988,LOA
8838013772940,69674113360,Crédit
2087114042302,42016459250,Crédit
1547061524497,22535435794,LOA
6436540818735,52537832060,Crédit
4361472322646,80879940682,Crédit
9458578248774,29134030475,LOA
2133703952333,21791892628,LOA
5254199246062,52090852680,Crédit
5368829882595,51821268933,LOA
9348630262675,86677124570,Crédit
5946884584146,61696340779,LOA
8279134306872,65484141691,Crédit
3734817349286,56401388744,LOA
8444747519557,72377535174,Crédit
8034393383137,79696677361,LOA
9765479187478,55486177994,LOA
7461504468806,60041800889,Crédit
6144707858460,93947715683,LOA
7925379382448,95845479911,Crédit
2892899166020,54064681150,LOA
1526623692021,89165979125,LOA
2608647936072,36244168158,LOA
5623172038418,10861478314,LOA
1169681492453,30775743223,Crédit
6512707125838,23837039190,Crédit
1394064416906,54675927499,LOA
7087356238092,40710201983,Crédit
6409688278142,33528632175,Crédit
5851456331523,67577072975,Crédit
7136839049498,85045023097,LOA
5263711825462,84167430992,LOA
5038238903255,15083131713,Crédit
2075822299518,22501486174,Crédit
3642642918143,75047773562,LOA
2794946095450,47610220369,Crédit
7518877657170,68592895936,LOA
7699202168525,65692773450,Crédit
5561581399842,43524528875,Crédit
6569070063117,19351278959,Crédit
6788714335364,21632375984,Crédit
1033385163229,86722113746,Crédit
8611647944616,54355930984,LOA
7436070885788,57182307262,LOA
9627527785633,45006674152,Crédit
9137362352323,88060980592,Crédit
4078014088309,89308853819,Crédit
9326016913901,75800303897,LOA
1414102597494,13204485365,LOA
9787847639547,95830807146,Crédit
6791999050249,43042139385,Crédit
9743689905289,11352440221,Crédit
6889237720031,48544677066,Crédit
3908564107422,56289879266,Crédit
8144023543076,44547365045,LOA
5595624387534,78242841811,LOA
8512896672971,87140544628,LOA
8515319364378,54109802941,LOA
5836046341625,92310632348,Crédit
5715494956539,46477589359,LOA
7267320531861,14079867520,LOA
5394253982169,61217032856,Crédit
8045426426807,55875750978,LOA
9107914080739,39863302187,Crédit
8345724150018,36656802856,LOA
6707803445095,79888401546,Crédit
7972925530138,89533150362,Crédit
6037294543736,20405866640,Crédit
8407742891988,92127386559,Crédit
5840025006376,48284578368,LOA
7653664065990,81619900400,Crédit
8766607580027,22379391933,LOA
6596131154454,46231505865,LOA
7018326675051,36785800943,LOA
3123815700079,36303077257,LOA
6465462063708,95367578006,LOA
5850947696671,15929123124,Crédit
5608685946287,37325283512,LOA
1172915167971,83343383663,Crédit
4496054158584,87416425923,Crédit
6100255155970,65110175643,Crédit
5473003150005,68874230609,LOA
6863908692364,93918865416,Crédit
4782822506983,13485199599,Crédit
6742178272618,99439046170,LOA
3271424845994,23957251357,Crédit
3775324521110,58884480802,Crédit
5663657276671,29966892786,Crédit
3786337427700,45743924437,Crédit
1997312800272,65941730835,LOA
2544884710275,96470826657,LOA
9825649428612,82318785655,LOA
6215782460804,97909901417,LOA
3558658513441,81363511214,Crédit
5145614734829,42330514001,Crédit
7006652105336,53632132585,LOA
7010920543916,97214675436,LOA
3718376858391,28857118212,LOA
5437374012130,76612951007,Crédit
3307099901492,52179403961,LOA
4599603749281,10602399120,Crédit
1628562734227,67557959294,LOA
3825910230333,61354833063,LOA
7826488202912,58000327457,Crédit
7200720030365,77130593988,Crédit
3917749393913,16061444873,LOA
9543918698598,85046339094,LOA
3884447142377,77361972127,LOA
5469030808631,10048868375,LOA
8162054111507,80141786667,LOA
4681263985924,14209211615,LOA
7108299249769,52703172492,Crédit
4281271102177,35580136559,LOA
6653474301507,25775135269,Crédit
2098491878480,85124550918,LOA
6919075915501,21850440303,LOA
1469407886818,42547763489,Crédit
7348351975242,96659955626,Crédit
5253717175785,60571010349,LOA
6174576913622,34739918408,LOA
1802724299700,86365495885,Crédit
8341815371414,39560562604,Crédit
8977619837114,57182307262,Crédit
9420046112193,41710387801,Crédit
6868032476536,39389242674,LOA
5598638414912,31083103862,LOA
1710606249440,82367542690,LOA
4715447794597,94120075678,Crédit
2719563163439,26394921992,Crédit
5098607365345,28769342621,Crédit
3178071096445,55922639009,Crédit
9531853956380,82968423003,LOA
6615748235103,97547600128,Crédit
1877324976709,80128032442,Crédit
4680785716984,93153811738,LOA
4088911485731,39635879807,LOA
1153088436636,97153571223,Crédit
4910115291536,49228581519,Crédit
9470272517647,27961654104,Crédit
2829733636137,98616221904,Crédit
8131068240190,38535746546,Crédit
9589776361239,59484109120,LOA
6178463905958,90984856175,LOA
9145919018469,77130593988,Crédit
6970362245263,21815129370,LOA
8427789684655,42016459250,Crédit
4538291710883,37931903565,LOA
9592229591748,73720233242,LOA
2178940609699,36990794502,LOA
8920406311928,32445135503,Crédit
2729342356410,34222505168,LOA
7981610417010,61331236210,LOA
7750108971629,98067436114,Crédit
4785353092092,65749480756,Crédit
2218170779072,12648178847,Crédit
2014270683862,59661978828,Crédit
3717948962870,27023129137,Crédit
1783421299670,38280254686,LOA
2279954275494,58204877253,Crédit
1775114780828,51381873079,Crédit
3258434177620,24112022512,Crédit
1239497875573,41419040078,Crédit
7020342428235,33295204616,LOA
8684398018090,50025719828,LOA
6795127830994,60100117678,Crédit
5773970049686,29889428276,Crédit
3609570840168,34404035403,LOA
8421030478871,59110417961,LOA
5357116843077,98094953938,Crédit
6718952734968,62321909982,Crédit
8675857983631,28600258335,LOA
8517745249786,52045981505,Crédit
9943567399638,45671287569,Crédit
5285750880304,77737788976,Crédit
6401742623184,51532368417,Crédit
1760238402345,58230386405,LOA
1830095067095,13307067394,LOA
8255204807972,17377779432,Crédit
9589160629451,78461440777,LOA
6381967095243,52875337481,Crédit
5877745588946,27584459684,LOA
6849161147562,79880527829,LOA
6334769674251,78906572676,LOA
1448772706999,89225942271,Crédit
4533295005302,38937831644,LOA
5239216242198,79453648944,Crédit
4627791975415,67010432228,LOA
4329371225173,35253431138,LOA
9346749797002,58819271594,LOA
8309026550706,72796441588,Crédit
6832870169678,69348200341,LOA
9773407726280,60613370003,Crédit
5213705028388,41160726177,LOA
3364113688006,94134185603,LOA
3804873940401,16579677170,Crédit
5623904887575,60004994351,Crédit
9039667167726,57588364060,Crédit
7348351975242,50370571927,Crédit
4467429402336,60387782478,LOA
7562628843201,16741267609,LOA
2515438203782,54633381811,LOA
4029137864181,58447872641,LOA
2559471335542,40710201983,LOA
9477190043851,26992377840,LOA
1711876531225,97162148196,Crédit
4790315147576,74465278095,LOA
2218915166139,86559771543,Crédit
1047469720979,51647518347,LOA
7068588284595,32456267191,LOA
1080998107847,95296869742,LOA
3366368470616,25775135269,Crédit
2170332330923,22468141585,Crédit
1814837233056,48990771803,LOA
2455223390866,10799672308,Crédit
7700548544642,52100094342,LOA
9677771797931,70500910680,LOA
8690821091988,15159548749,LOA
2419311666634,46031217089,Crédit
9580360167650,45148230069,LOA
2941248121120,92795120190,LOA
6817189622543,76975117736,LOA
7282166703928,67834904709,LOA
3895359640559,79469960922,LOA
6248093883180,97684684226,Crédit
6819832823977,29514109713,LOA
